email_text,output 0,ExplicaÃ§Ã£o,timestamp
"'Subject: Congratulations! You've Won a Gift Card ğŸ

Hi there,

Youâ€™ve been selected as a lucky winner of a $100 Amazon gift card! To claim your prize, simply fill in your details at the link below:

http://amaz0n-prize-now.ru

Hurry â€” this offer expires in 24 hours!

Best of luck,
Rewards Center","{""label"": ""Phishing \ud83d\udea8"", ""confidences"": null}","ğŸ§  Modelo BERT: Phishing (99.98%)
ğŸ” HeurÃ­stica: Score = 4.8
â€¢ [prize] Matched 'gift.?card' (global, weight=0.9)
â€¢ [prize] Matched 'congratulations' (en, weight=0.7)
â€¢ [prize] Matched 'winner' (en, weight=0.8)
â€¢ [prize] Matched 'prize' (en, weight=0.8)
â€¢ [urgency] Matched '24 hours' (global, weight=0.6)
â€¢ Contains suspicious link(s): http://amaz0n-prize-now.ru

ğŸ—ï¸ Palavras-chave: Amazon gift card, Gift Card, Congratulations, Amazon gift, Subject",2025-07-21 15:33:49.523444
"'Subject: Congratulations! You've Won a Gift Card ğŸ

Hi there,

Youâ€™ve been selected as a lucky winner of a $100 Amazon gift card! To claim your prize, simply fill in your details at the link below:

http://amaz0n-prize-now.ru

Hurry â€” this offer expires in 24 hours!

Best of luck,
Rewards Center","{""label"": ""Phishing \ud83d\udea8"", ""confidences"": null}","ğŸ§  Modelo BERT: Phishing (99.98%)
ğŸ” HeurÃ­stica: Score = 4.8
â€¢ [prize] Matched 'gift.?card' (global, weight=0.9)
â€¢ [prize] Matched 'congratulations' (en, weight=0.7)
â€¢ [prize] Matched 'winner' (en, weight=0.8)
â€¢ [prize] Matched 'prize' (en, weight=0.8)
â€¢ [urgency] Matched '24 hours' (global, weight=0.6)
â€¢ Contains suspicious link(s): http://amaz0n-prize-now.ru

ğŸ—ï¸ Palavras-chave: Amazon gift card, Gift Card, Congratulations, Amazon gift, Subject",2025-07-21 15:33:53.036101
"'Subject: Meeting Rescheduled

Hi John,

The client meeting has been rescheduled to Thursday at 3 PM. Please let me know if that works for you.

Best,
Maria","{""label"": ""Leg\u00edtimo \u2705"", ""confidences"": null}","ğŸ§  Modelo BERT: Legitimate (99.99%)
ğŸ” HeurÃ­stica: Score = 0.0


ğŸ—ï¸ Palavras-chave: Rescheduled Hi John, Meeting Rescheduled, rescheduled to Thursday, client meeting, John",2025-07-21 15:34:16.300979
